COUNTRY,YEAR,PLOT,G,L,HARV_YIELD,H
Belgium,2003,12,1,0,2.68724602075,1
Iceland_a,2003,12,1,0,2.81625,1
Sweden_a,2003,12,1,0,2.6111191673333334,1
Belgium,2004,12,1,0,3.436079083,1
France,2004,12,1,0,3.0896,1
Iceland_a,2004,12,1,0,1.8825,1
Norway_a,2004,12,1,0,1.3815352996666668,1
Sweden_a,2004,12,1,0,1.0305333333333333,1
Sweden_b,2004,12,1,0,0.831871208,1
Belgium,2005,12,1,0,3.2987591837499997,1
France,2005,12,1,0,4.77315,1
Iceland_a,2005,12,1,0,1.6675,1
Norway_a,2005,12,1,0,1.683547377,1
Sweden_a,2005,12,1,0,0.606819137,1
Sweden_b,2005,12,1,0,0.515713854,1
France,2006,12,1,0,4.020955555666666,1
Norway_a,2006,12,1,0,2.3058771583333333,1
Sweden_b,2006,12,1,0,0.547751812,1
Belgium,2003,36,1,0,2.965543669,1
Iceland_a,2003,36,1,0,1.175,1
Sweden_a,2003,36,1,0,3.807263663,1
Belgium,2004,36,1,0,3.996485000333333,1
France,2004,36,1,0,1.6324777776666666,1
Iceland_a,2004,36,1,0,0.5208333333333334,1
Norway_a,2004,36,1,0,5.3486902076666665,1
Sweden_a,2004,36,1,0,2.5724,1
Sweden_b,2004,36,1,0,1.21505709,1
Belgium,2005,36,1,0,3.7926559182500004,1
France,2005,36,1,0,2.5492166665,1
Iceland_a,2005,36,1,0,0.42250000000000004,1
Norway_a,2005,36,1,0,3.5335504146666668,1
Sweden_a,2005,36,1,0,1.924184927,1
Sweden_b,2005,36,1,0,0.550775317,1
France,2006,36,1,0,1.9348740739999999,1
Norway_a,2006,36,1,0,3.6039023623333337,1
Sweden_b,2006,36,1,0,0.6045063833333334,1
Belgium,2003,13,1,0,2.46455201275,1
Iceland_a,2003,13,1,0,1.3624999999999998,1
Sweden_a,2003,13,1,0,2.621043657,1
Belgium,2004,13,1,0,4.410424364,1
France,2004,13,1,0,1.7906666666666666,1
Iceland_a,2004,13,1,0,1.405,1
Norway_a,2004,13,1,0,1.3370505486666668,1
Sweden_a,2004,13,1,0,1.9595333333333333,1
Sweden_b,2004,13,1,0,1.8419181199999999,1
Belgium,2005,13,1,0,3.525508999,1
France,2005,13,1,0,2.9115,1
Iceland_a,2005,13,1,0,0.97375,1
Norway_a,2005,13,1,0,1.3538122113333333,1
Sweden_a,2005,13,1,0,1.4562858143333333,1
Sweden_b,2005,13,1,0,0.9939470213333333,1
France,2006,13,1,0,2.1547222223333335,1
Norway_a,2006,13,1,0,1.6448203186666666,1
Sweden_b,2006,13,1,0,0.9553198766666666,1
Belgium,2003,37,1,0,2.189120203,1
Iceland_a,2003,37,1,0,1.2533333333333334,1
Sweden_a,2003,37,1,0,4.240212268,1
Belgium,2004,37,1,0,4.3416357366666665,1
France,2004,37,1,0,2.0780681316666665,1
Iceland_a,2004,37,1,0,0.9891666666666666,1
Norway_a,2004,37,1,0,4.301174662666667,1
Sweden_a,2004,37,1,0,4.062566666666666,1
Sweden_b,2004,37,1,0,1.9087162663333335,1
Belgium,2005,37,1,0,3.516219153,1
France,2005,37,1,0,3.281030769,1
Iceland_a,2005,37,1,0,0.9925,1
Norway_a,2005,37,1,0,4.274414179,1
Sweden_a,2005,37,1,0,3.325112695666667,1
Sweden_b,2005,37,1,0,0.97627867766666665,1
France,2006,37,1,0,2.438462271,1
Norway_a,2006,37,1,0,4.096354926333333,1
Sweden_b,2006,37,1,0,1.295942971,1
Belgium,2003,14,0,1,3.9192206625,1
Iceland_a,2003,14,0,1,3.40625,1
Sweden_a,2003,14,0,1,2.9397292073333334,1
Belgium,2004,14,0,1,6.670689957,1
France,2004,14,0,1,3.2445,1
Iceland_a,2004,14,0,1,2.25875,1
Norway_a,2004,14,0,1,5.030908125,1
Sweden_a,2004,14,0,1,2.2517,1
Sweden_b,2004,14,0,1,3.9081459136666665,1
Belgium,2005,14,0,1,3.653691292,1
France,2005,14,0,1,5.077125,1
Iceland_a,2005,14,0,1,2.0549999999999997,1
Norway_a,2005,14,0,1,2.5986875766666664,1
Sweden_a,2005,14,0,1,0.9267054309999999,1
Sweden_b,2005,14,0,1,2.002812763,1
France,2006,14,0,1,4.3414166666666665,1
Norway_a,2006,14,0,1,1.6405365636666667,1
Sweden_b,2006,14,0,1,1.102,1
Belgium,2003,38,0,1,3.5833197762499998,1
Iceland_a,2003,38,0,1,1.0141666666666667,1
Sweden_a,2003,38,0,1,3.581682753,1
Belgium,2004,38,0,1,6.930756616,1
France,2004,38,0,1,2.8904285713333335,1
Iceland_a,2004,38,0,1,0.6666666666666667,1
Norway_a,2004,38,0,1,5.084119932666667,1
Sweden_a,2004,38,0,1,2.8057666666666665,1
Sweden_b,2004,38,0,1,3.7462392546666665,1
Belgium,2005,38,0,1,4.38575971975,1
France,2005,38,0,1,4.444392857,1
Iceland_a,2005,38,0,1,0.9516666666666667,1
Norway_a,2005,38,0,1,3.005494925,1
Sweden_a,2005,38,0,1,1.8547558296666666,1
Sweden_b,2005,38,0,1,2.4514974813333335,1
France,2006,38,0,1,3.5083333333333333,1
Norway_a,2006,38,0,1,2.333729421,1
Sweden_b,2006,38,0,1,1.2458,1
Belgium,2003,1,0.7999999999999999,0.2,4.7220254194999995,2.56
Iceland_a,2003,1,0.7999999999999999,0.2,2.965,2.56
Sweden_a,2003,1,0.7999999999999999,0.2,2.591607463,2.56
Belgium,2004,1,0.7999999999999999,0.2,6.975267642333333,2.56
France,2004,1,0.7999999999999999,0.2,2.3149555553333334,2.56
Iceland_a,2004,1,0.7999999999999999,0.2,2.22125,2.56
Norway_a,2004,1,0.7999999999999999,0.2,4.344486571,2.56
Sweden_a,2004,1,0.7999999999999999,0.2,3.5037333333333334,2.56
Sweden_b,2004,1,0.7999999999999999,0.2,2.4002276883333336,2.56
Belgium,2005,1,0.7999999999999999,0.2,4.7414741634999995,2.56
France,2005,1,0.7999999999999999,0.2,3.8850166665,2.56
Iceland_a,2005,1,0.7999999999999999,0.2,1.7225,2.56
Norway_a,2005,1,0.7999999999999999,0.2,2.8103641133333332,2.56
Sweden_a,2005,1,0.7999999999999999,0.2,2.9177300963333335,2.56
Sweden_b,2005,1,0.7999999999999999,0.2,2.3634767076666665,2.56
France,2006,1,0.7999999999999999,0.2,2.75977037,2.56
Norway_a,2006,1,0.7999999999999999,0.2,3.238389565333333,2.56
Sweden_b,2006,1,0.7999999999999999,0.2,1.7583836683333334,2.56
Belgium,2003,31,0.7999999999999999,0.2,3.965048298,2.56
Iceland_a,2003,31,0.7999999999999999,0.2,1.3983333333333334,2.56
Sweden_a,2003,31,0.7999999999999999,0.2,3.9237151303333335,2.56
Belgium,2004,31,0.7999999999999999,0.2,6.648960502333333,2.56
France,2004,31,0.7999999999999999,0.2,2.362375,2.56
Iceland_a,2004,31,0.7999999999999999,0.2,1.0975,2.56
Norway_a,2004,31,0.7999999999999999,0.2,5.259618760666667,2.56
Sweden_a,2004,31,0.7999999999999999,0.2,4.2311,2.56
Sweden_b,2004,31,0.7999999999999999,0.2,2.641186417666667,2.56
Belgium,2005,31,0.7999999999999999,0.2,4.77615277625,2.56
France,2005,31,0.7999999999999999,0.2,3.6504375,2.56
Iceland_a,2005,31,0.7999999999999999,0.2,1.1916666666666667,2.56
Norway_a,2005,31,0.7999999999999999,0.2,4.539038546333334,2.56
Sweden_a,2005,31,0.7999999999999999,0.2,3.743558282,2.56
Sweden_b,2005,31,0.7999999999999999,0.2,2.485070095666667,2.56
France,2006,31,0.7999999999999999,0.2,2.7665,2.56
Norway_a,2006,31,0.7999999999999999,0.2,4.255246342666666,2.56
Sweden_b,2006,31,0.7999999999999999,0.2,1.9590222666666668,2.56
Belgium,2003,6,0.8,0.2,3.9155160015,3.3
Iceland_a,2003,6,0.8,0.2,3.1550000000000002,3.3
Sweden_a,2003,6,0.8,0.2,3.0495052686666666,3.3
Belgium,2004,6,0.8,0.2,6.9235679396666665,3.3
France,2004,6,0.8,0.2,2.200975,3.3
Iceland_a,2004,6,0.8,0.2,1.80375,3.3
Norway_a,2004,6,0.8,0.2,4.096087538,3.3
Sweden_a,2004,6,0.8,0.2,3.1496999999999997,3.3
Sweden_b,2004,6,0.8,0.2,2.5851537666666666,3.3
Belgium,2005,6,0.8,0.2,4.813823486,3.3
France,2005,6,0.8,0.2,3.5277125,3.3
Iceland_a,2005,6,0.8,0.2,1.51125,3.3
Norway_a,2005,6,0.8,0.2,3.1434064436666667,3.3
Sweden_a,2005,6,0.8,0.2,3.0005537959999997,3.3
Sweden_b,2005,6,0.8,0.2,2.4909921293333332,3.3
France,2006,6,0.8,0.2,2.807341666666667,3.3
Norway_a,2006,6,0.8,0.2,2.8897323486666666,3.3
Sweden_b,2006,6,0.8,0.2,1.879673923,3.3
Belgium,2003,2,0.7999999999999999,0.2,3.802889922,2.56
Iceland_a,2003,2,0.7999999999999999,0.2,2.755,2.56
Sweden_a,2003,2,0.7999999999999999,0.2,3.4343314736666666,2.56
Belgium,2004,2,0.7999999999999999,0.2,7.1344881010000005,2.56
France,2004,2,0.7999999999999999,0.2,3.1043939393333333,2.56
Iceland_a,2004,2,0.7999999999999999,0.2,2.26,2.56
Norway_a,2004,2,0.7999999999999999,0.2,4.1186365726666665,2.56
Sweden_a,2004,2,0.7999999999999999,0.2,3.3195333333333332,2.56
Sweden_b,2004,2,0.7999999999999999,0.2,3.3554144926666667,2.56
Belgium,2005,2,0.7999999999999999,0.2,4.442088894,2.56
France,2005,2,0.7999999999999999,0.2,5.0098636365,2.56
Iceland_a,2005,2,0.7999999999999999,0.2,1.70875,2.56
Norway_a,2005,2,0.7999999999999999,0.2,2.9889838126666666,2.56
Sweden_a,2005,2,0.7999999999999999,0.2,3.062208115666667,2.56
Sweden_b,2005,2,0.7999999999999999,0.2,2.687531696333333,2.56
France,2006,2,0.7999999999999999,0.2,4.199888889,2.56
Norway_a,2006,2,0.7999999999999999,0.2,3.253355852666667,2.56
Sweden_b,2006,2,0.7999999999999999,0.2,1.8146982453333333,2.56
Belgium,2003,32,0.7999999999999999,0.2,3.6108209337500003,2.56
Iceland_a,2003,32,0.7999999999999999,0.2,1.1191666666666666,2.56
Sweden_a,2003,32,0.7999999999999999,0.2,4.441079665666667,2.56
Belgium,2004,32,0.7999999999999999,0.2,6.878699642,2.56
France,2004,32,0.7999999999999999,0.2,2.8379,2.56
Iceland_a,2004,32,0.7999999999999999,0.2,0.7758333333333334,2.56
Norway_a,2004,32,0.7999999999999999,0.2,5.646104754666667,2.56
Sweden_a,2004,32,0.7999999999999999,0.2,4.297533333333333,2.56
Sweden_b,2004,32,0.7999999999999999,0.2,2.7908132816666664,2.56
Belgium,2005,32,0.7999999999999999,0.2,5.06146512625,2.56
France,2005,32,0.7999999999999999,0.2,4.91685,2.56
Iceland_a,2005,32,0.7999999999999999,0.2,1.2233333333333334,2.56
Norway_a,2005,32,0.7999999999999999,0.2,4.823037848666666,2.56
Sweden_a,2005,32,0.7999999999999999,0.2,3.878652288,2.56
Sweden_b,2005,32,0.7999999999999999,0.2,2.7738114246666665,2.56
France,2006,32,0.7999999999999999,0.2,3.8456541666666664,2.56
Norway_a,2006,32,0.7999999999999999,0.2,4.897589238666667,2.56
Sweden_b,2006,32,0.7999999999999999,0.2,1.900303494,2.56
Belgium,2003,7,0.5,0.5,4.483608731,3.3
Iceland_a,2003,7,0.5,0.5,3.545,3.3
Sweden_a,2003,7,0.5,0.5,3.8653466033333332,3.3
Belgium,2004,7,0.5,0.5,7.247323887666667,3.3
France,2004,7,0.5,0.5,2.4125897436666666,3.3
Iceland_a,2004,7,0.5,0.5,1.8375,3.3
Norway_a,2004,7,0.5,0.5,5.023854961333333,3.3
Sweden_a,2004,7,0.5,0.5,3.7522333333333333,3.3
Sweden_b,2004,7,0.5,0.5,3.8190158253333335,3.3
Belgium,2005,7,0.5,0.5,4.22989299475,3.3
France,2005,7,0.5,0.5,4.058038461500001,3.3
Iceland_a,2005,7,0.5,0.5,1.7149999999999999,3.3
Norway_a,2005,7,0.5,0.5,2.920187299,3.3
Sweden_a,2005,7,0.5,0.5,3.163984227333333,3.3
Sweden_b,2005,7,0.5,0.5,2.8131571963333335,3.3
France,2006,7,0.5,0.5,2.9089337606666668,3.3
Norway_a,2006,7,0.5,0.5,2.8659289696666668,3.3
Sweden_b,2006,7,0.5,0.5,1.768840164,3.3
Belgium,2003,9,0.5,0.5,3.81363659825,3.3
Iceland_a,2003,9,0.5,0.5,2.6225,3.3
Sweden_a,2003,9,0.5,0.5,3.504765367666667,3.3
Belgium,2004,9,0.5,0.5,7.523679599666667,3.3
France,2004,9,0.5,0.5,2.86875,3.3
Iceland_a,2004,9,0.5,0.5,1.78375,3.3
Norway_a,2004,9,0.5,0.5,5.060433879666666,3.3
Sweden_a,2004,9,0.5,0.5,3.2251000000000003,3.3
Sweden_b,2004,9,0.5,0.5,4.029621797666667,3.3
Belgium,2005,9,0.5,0.5,4.531669141,3.3
France,2005,9,0.5,0.5,4.685625,3.3
Iceland_a,2005,9,0.5,0.5,1.7675,3.3
Norway_a,2005,9,0.5,0.5,3.530506408,3.3
Sweden_a,2005,9,0.5,0.5,2.628270832333333,3.3
Sweden_b,2005,9,0.5,0.5,3.2685714800000003,3.3
France,2006,9,0.5,0.5,3.9002083333333335,3.3
Norway_a,2006,9,0.5,0.5,2.653685795,3.3
Sweden_b,2006,9,0.5,0.5,1.7268180173333334,3.3
Belgium,2003,3,0.2,0.7999999999999999,4.49407839675,2.56
Iceland_a,2003,3,0.2,0.7999999999999999,3.25375,2.56
Sweden_a,2003,3,0.2,0.7999999999999999,4.214415325333333,2.56
Belgium,2004,3,0.2,0.7999999999999999,6.905824935,2.56
France,2004,3,0.2,0.7999999999999999,3.2115454546666666,2.56
Iceland_a,2004,3,0.2,0.7999999999999999,2.045,2.56
Norway_a,2004,3,0.2,0.7999999999999999,5.5412941343333335,2.56
Sweden_a,2004,3,0.2,0.7999999999999999,3.9304666666666668,2.56
Sweden_b,2004,3,0.2,0.7999999999999999,3.6526893983333335,2.56
Belgium,2005,3,0.2,0.7999999999999999,4.9225870370000004,2.56
France,2005,3,0.2,0.7999999999999999,5.069468182,2.56
Iceland_a,2005,3,0.2,0.7999999999999999,1.58125,2.56
Norway_a,2005,3,0.2,0.7999999999999999,3.439787633,2.56
Sweden_a,2005,3,0.2,0.7999999999999999,3.1448151503333337,2.56
Sweden_b,2005,3,0.2,0.7999999999999999,2.9338041670000004,2.56
France,2006,3,0.2,0.7999999999999999,4.335187879,2.56
Norway_a,2006,3,0.2,0.7999999999999999,2.765773675,2.56
Sweden_b,2006,3,0.2,0.7999999999999999,1.8479363243333333,2.56
Belgium,2003,33,0.2,0.7999999999999999,4.1446120715,2.56
Iceland_a,2003,33,0.2,0.7999999999999999,1.635,2.56
Sweden_a,2003,33,0.2,0.7999999999999999,4.841654034333334,2.56
Belgium,2004,33,0.2,0.7999999999999999,7.299728902,2.56
France,2004,33,0.2,0.7999999999999999,5.1147833333333335,2.56
Iceland_a,2004,33,0.2,0.7999999999999999,1.0699999999999998,2.56
Norway_a,2004,33,0.2,0.7999999999999999,5.642816003666667,2.56
Sweden_a,2004,33,0.2,0.7999999999999999,4.949366666666666,2.56
Sweden_b,2004,33,0.2,0.7999999999999999,4.33786896,2.56
Belgium,2005,33,0.2,0.7999999999999999,5.2785533395,2.56
France,2005,33,0.2,0.7999999999999999,7.896050000000001,2.56
Iceland_a,2005,33,0.2,0.7999999999999999,1.2683333333333333,2.56
Norway_a,2005,33,0.2,0.7999999999999999,5.028852006666666,2.56
Sweden_a,2005,33,0.2,0.7999999999999999,3.6386754199999998,2.56
Sweden_b,2005,33,0.2,0.7999999999999999,3.549494491,2.56
France,2006,33,0.2,0.7999999999999999,6.609911111,2.56
Norway_a,2006,33,0.2,0.7999999999999999,4.564625585,2.56
Sweden_b,2006,33,0.2,0.7999999999999999,2.1958224856666666,2.56
Belgium,2003,5,0.5,0.5,4.318675417,4
Iceland_a,2003,5,0.5,0.5,3.28,4
Sweden_a,2003,5,0.5,0.5,3.021260530666667,4
Belgium,2004,5,0.5,0.5,7.256028236666666,4
France,2004,5,0.5,0.5,3.7960095236666667,4
Iceland_a,2004,5,0.5,0.5,2.2675,4
Norway_a,2004,5,0.5,0.5,4.377033031666667,4
Sweden_a,2004,5,0.5,0.5,3.395966666666667,4
Sweden_b,2004,5,0.5,0.5,3.752112873333333,4
Belgium,2005,5,0.5,0.5,4.524383160999999,4
France,2005,5,0.5,0.5,6.0012464285,4
Iceland_a,2005,5,0.5,0.5,1.8875,4
Norway_a,2005,5,0.5,0.5,3.221472248,4
Sweden_a,2005,5,0.5,0.5,2.9059008916666667,4
Sweden_b,2005,5,0.5,0.5,3.112001465,4
France,2006,5,0.5,0.5,4.980531746333333,4
Norway_a,2006,5,0.5,0.5,2.7852845126666668,4
Sweden_b,2006,5,0.5,0.5,2.2262926813333332,4
Belgium,2003,35,0.5,0.5,4.191698938,4
Iceland_a,2003,35,0.5,0.5,1.74,4
Sweden_a,2003,35,0.5,0.5,4.883070097,4
Belgium,2004,35,0.5,0.5,7.715419106333333,4
France,2004,35,0.5,0.5,3.4024666666666668,4
Iceland_a,2004,35,0.5,0.5,1.3116666666666668,4
Norway_a,2004,35,0.5,0.5,5.288667809333333,4
Sweden_a,2004,35,0.5,0.5,4.401266666666666,4
Sweden_b,2004,35,0.5,0.5,3.891779655666667,4
Belgium,2005,35,0.5,0.5,5.03705851375,4
France,2005,35,0.5,0.5,5.18845,4
Iceland_a,2005,35,0.5,0.5,1.3283333333333334,4
Norway_a,2005,35,0.5,0.5,4.8985269916666665,4
Sweden_a,2005,35,0.5,0.5,3.6930764206666664,4
Sweden_b,2005,35,0.5,0.5,3.141277214,4
France,2006,35,0.5,0.5,4.560955555666666,4
Norway_a,2006,35,0.5,0.5,5.045777906,4
Sweden_b,2006,35,0.5,0.5,1.9670519183333333,4
Belgium,2003,8,0.5,0.5,4.17156369925,3.3
Iceland_a,2003,8,0.5,0.5,2.83625,3.3
Sweden_a,2003,8,0.5,0.5,4.506647924,3.3
Belgium,2004,8,0.5,0.5,7.370801595,3.3
France,2004,8,0.5,0.5,2.3043714286666668,3.3
Iceland_a,2004,8,0.5,0.5,2.27,3.3
Norway_a,2004,8,0.5,0.5,4.848932103666667,3.3
Sweden_a,2004,8,0.5,0.5,3.9513,3.3
Sweden_b,2004,8,0.5,0.5,2.886697329,3.3
Belgium,2005,8,0.5,0.5,4.64495408275,3.3
France,2005,8,0.5,0.5,3.573557143,3.3
Iceland_a,2005,8,0.5,0.5,2,3.3
Norway_a,2005,8,0.5,0.5,3.0665019516666665,3.3
Sweden_a,2005,8,0.5,0.5,3.1926855696666667,3.3
Sweden_b,2005,8,0.5,0.5,2.9908269316666667,3.3
France,2006,8,0.5,0.5,2.983142857333333,3.3
Norway_a,2006,8,0.5,0.5,3.3966267703333335,3.3
Sweden_b,2006,8,0.5,0.5,2.199499373666667,3.3
Belgium,2003,10,0.5,0.5,3.641266755,3.3
Iceland_a,2003,10,0.5,0.5,2.0100000000000002,3.3
Sweden_a,2003,10,0.5,0.5,3.4308040356666667,3.3
Belgium,2004,10,0.5,0.5,6.882653142333334,3.3
France,2004,10,0.5,0.5,4.350501785666666,3.3
Iceland_a,2004,10,0.5,0.5,1.76125,3.3
Norway_a,2004,10,0.5,0.5,3.9434636199999997,3.3
Sweden_a,2004,10,0.5,0.5,3.2596333333333334,3.3
Sweden_b,2004,10,0.5,0.5,2.9374389753333334,3.3
Belgium,2005,10,0.5,0.5,4.12230853375,3.3
France,2005,10,0.5,0.5,6.924752678499999,3.3
Iceland_a,2005,10,0.5,0.5,1.5525,3.3
Norway_a,2005,10,0.5,0.5,3.3111609756666667,3.3
Sweden_a,2005,10,0.5,0.5,3.249006029333333,3.3
Sweden_b,2005,10,0.5,0.5,2.881198994,3.3
France,2006,10,0.5,0.5,5.707371131,3.3
Norway_a,2006,10,0.5,0.5,3.0001270813333334,3.3
Sweden_b,2006,10,0.5,0.5,2.0552338936666668,3.3
Belgium,2003,11,0.2,0.8,3.9243111485,3.3
Iceland_a,2003,11,0.2,0.8,1.8287499999999999,3.3
Sweden_a,2003,11,0.2,0.8,3.5230874676666666,3.3
Belgium,2004,11,0.2,0.8,6.7904517066666665,3.3
France,2004,11,0.2,0.8,4.5704875,3.3
Iceland_a,2004,11,0.2,0.8,1.85875,3.3
Norway_a,2004,11,0.2,0.8,5.159343132333333,3.3
Sweden_a,2004,11,0.2,0.8,3.8138,3.3
Sweden_b,2004,11,0.2,0.8,3.981356737333333,3.3
Belgium,2005,11,0.2,0.8,4.77015282625,3.3
France,2005,11,0.2,0.8,7.2472312500000005,3.3
Iceland_a,2005,11,0.2,0.8,1.82125,3.3
Norway_a,2005,11,0.2,0.8,3.366383591,3.3
Sweden_a,2005,11,0.2,0.8,2.93323089,3.3
Sweden_b,2005,11,0.2,0.8,3.3544409473333334,3.3
France,2006,11,0.2,0.8,5.826735416666667,3.3
Norway_a,2006,11,0.2,0.8,3.0628623973333333,3.3
Sweden_b,2006,11,0.2,0.8,2.1612497453333335,3.3
Belgium,2003,4,0.2,0.7999999999999999,3.78839172,2.56
Iceland_a,2003,4,0.2,0.7999999999999999,2.4225000000000003,2.56
Sweden_a,2003,4,0.2,0.7999999999999999,4.058070330666666,2.56
Belgium,2004,4,0.2,0.7999999999999999,6.688330973333334,2.56
France,2004,4,0.2,0.7999999999999999,2.5545,2.56
Iceland_a,2004,4,0.2,0.7999999999999999,1.9100000000000001,2.56
Norway_a,2004,4,0.2,0.7999999999999999,4.742121600666667,2.56
Sweden_a,2004,4,0.2,0.7999999999999999,3.9722,2.56
Sweden_b,2004,4,0.2,0.7999999999999999,3.7806054176666666,2.56
Belgium,2005,4,0.2,0.7999999999999999,4.8333035735,2.56
France,2005,4,0.2,0.7999999999999999,4.282500000000001,2.56
Iceland_a,2005,4,0.2,0.7999999999999999,1.6825,2.56
Norway_a,2005,4,0.2,0.7999999999999999,3.667891426,2.56
Sweden_a,2005,4,0.2,0.7999999999999999,3.5936962643333334,2.56
Sweden_b,2005,4,0.2,0.7999999999999999,3.3335146436666667,2.56
France,2006,4,0.2,0.7999999999999999,3.4870166666666664,2.56
Norway_a,2006,4,0.2,0.7999999999999999,3.432452612,2.56
Sweden_b,2006,4,0.2,0.7999999999999999,2.2849778583333333,2.56
Belgium,2003,34,0.2,0.7999999999999999,3.37995921575,2.56
Iceland_a,2003,34,0.2,0.7999999999999999,1.6891666666666667,2.56
Sweden_a,2003,34,0.2,0.7999999999999999,4.3438817929999995,2.56
Belgium,2004,34,0.2,0.7999999999999999,6.334329864,2.56
France,2004,34,0.2,0.7999999999999999,3.354425,2.56
Iceland_a,2004,34,0.2,0.7999999999999999,1.2441666666666666,2.56
Norway_a,2004,34,0.2,0.7999999999999999,4.8239311533333336,2.56
Sweden_a,2004,34,0.2,0.7999999999999999,4.567266666666667,2.56
Sweden_b,2004,34,0.2,0.7999999999999999,3.314275642666667,2.56
Belgium,2005,34,0.2,0.7999999999999999,4.4068733015,2.56
France,2005,34,0.2,0.7999999999999999,5.6856375,2.56
Iceland_a,2005,34,0.2,0.7999999999999999,1.2016666666666667,2.56
Norway_a,2005,34,0.2,0.7999999999999999,4.547915172333333,2.56
Sweden_a,2005,34,0.2,0.7999999999999999,4.145925246666667,2.56
Sweden_b,2005,34,0.2,0.7999999999999999,3.0625405503333334,2.56
France,2006,34,0.2,0.7999999999999999,4.4958124999999995,2.56
Norway_a,2006,34,0.2,0.7999999999999999,4.042820325,2.56
Sweden_b,2006,34,0.2,0.7999999999999999,2.3322456213333336,2.56
Belgium,2003,15,0,1,2.51314309725,1
Iceland_a,2003,15,0,1,1.855,1
Sweden_a,2003,15,0,1,2.433277363,1
Belgium,2004,15,0,1,3.086840894333333,1
France,2004,15,0,1,2.3634363636666667,1
Iceland_a,2004,15,0,1,1.8075,1
Norway_a,2004,15,0,1,2.886839667,1
Sweden_a,2004,15,0,1,2.4271,1
Sweden_b,2004,15,0,1,2.9243450976666665,1
Belgium,2005,15,0,1,2.44434365075,1
France,2005,15,0,1,3.5864045454999998,1
Iceland_a,2005,15,0,1,1.8875000000000002,1
Norway_a,2005,15,0,1,2.2265040506666667,1
Sweden_a,2005,15,0,1,1.7527306973333332,1
Sweden_b,2005,15,0,1,2.053403051,1
France,2006,15,0,1,3.039727273,1
Norway_a,2006,15,0,1,1.970843384,1
Sweden_b,2006,15,0,1,1.2742178673333333,1
Belgium,2003,39,0,1,2.18975661275,1
Iceland_a,2003,39,0,1,1.0891666666666666,1
Sweden_a,2003,39,0,1,2.6150678726666667,1
Belgium,2004,39,0,1,2.710487012333333,1
France,2004,39,0,1,3.0200181816666665,1
Iceland_a,2004,39,0,1,0.9883333333333333,1
Norway_a,2004,39,0,1,3.0467842199999997,1
Sweden_a,2004,39,0,1,2.4348,1
Sweden_b,2004,39,0,1,2.7018912753333333,1
Belgium,2005,39,0,1,2.0018973745,1
France,2005,39,0,1,4.6687772725,1
Iceland_a,2005,39,0,1,1.1733333333333333,1
Norway_a,2005,39,0,1,2.5488669049999997,1
Sweden_a,2005,39,0,1,1.9677043116666666,1
Sweden_b,2005,39,0,1,2.429993770333333,1
France,2006,39,0,1,3.9666848483333332,1
Norway_a,2006,39,0,1,2.183866791,1
Sweden_b,2006,39,0,1,1.6550097686666667,1
Belgium,2003,27,1,0,3.053030946,1
Iceland_a,2003,27,1,0,2.1637500000000003,1
Sweden_a,2003,27,1,0,2.7227297393333334,1
Belgium,2004,27,1,0,3.780088935,1
France,2004,27,1,0,2.551642857,1
Iceland_a,2004,27,1,0,1.3375,1
Norway_a,2004,27,1,0,0.883141437,1
Sweden_a,2004,27,1,0,0.9436,1
Sweden_b,2004,27,1,0,1.413294962,1
Belgium,2005,27,1,0,2.81971536675,1
France,2005,27,1,0,3.9624642855000003,1
Iceland_a,2005,27,1,0,1.0699999999999998,1
Norway_a,2005,27,1,0,1.6164045396666666,1
Sweden_a,2005,27,1,0,0.6960979300000001,1
Sweden_b,2005,27,1,0,0.5903198936666667,1
France,2006,27,1,0,3.2497142856666668,1
Norway_a,2006,27,1,0,1.843253125,1
Sweden_b,2006,27,1,0,0.6581708363333333,1
Belgium,2003,45,1,0,2.64464107275,1
Iceland_a,2003,45,1,0,1.2991666666666668,1
Sweden_a,2003,45,1,0,3.3001726023333333,1
Belgium,2004,45,1,0,3.6116694933333333,1
France,2004,45,1,0,2.240725,1
Iceland_a,2004,45,1,0,0.775,1
Norway_a,2004,45,1,0,3.883410987,1
Sweden_a,2004,45,1,0,2.2574666666666667,1
Sweden_b,2004,45,1,0,1.599302264,1
Belgium,2005,45,1,0,2.79050739875,1
France,2005,45,1,0,3.5253375,1
Iceland_a,2005,45,1,0,0.8658333333333333,1
Norway_a,2005,45,1,0,2.842034881,1
Sweden_a,2005,45,1,0,1.6624831583333335,1
Sweden_b,2005,45,1,0,0.556746754,1
France,2006,45,1,0,2.7472333333333334,1
Norway_a,2006,45,1,0,3.4967532533333334,1
Sweden_b,2006,45,1,0,0.6613131996666667,1
Belgium,2003,28,1,0,2.161041548,1
Iceland_a,2003,28,1,0,2.6675,1
Sweden_a,2003,28,1,0,2.5860716003333333,1
Belgium,2004,28,1,0,4.271988944,1
France,2004,28,1,0,1.3899555556666667,1
Iceland_a,2004,28,1,0,2.09875,1
Norway_a,2004,28,1,0,1.3723032516666667,1
Sweden_a,2004,28,1,0,1.9436,1
Sweden_b,2004,28,1,0,2.0385005766666664,1
Belgium,2005,28,1,0,3.37852066675,1
France,2005,28,1,0,2.2641833335,1
Iceland_a,2005,28,1,0,1.68625,1
Norway_a,2005,28,1,0,1.902264195,1
Sweden_a,2005,28,1,0,1.4915154793333334,1
Sweden_b,2005,28,1,0,0.951064646,1
France,2006,28,1,0,1.6103140743333333,1
Norway_a,2006,28,1,0,2.272689662,1
Sweden_b,2006,28,1,0,0.9709755253333333,1
Belgium,2003,46,1,0,2.0521244152499998,1
Iceland_a,2003,46,1,0,1.075,1
Sweden_a,2003,46,1,0,4.354833029,1
Belgium,2004,46,1,0,4.104279215666667,1
France,2004,46,1,0,1.7182,1
Iceland_a,2004,46,1,0,0.8991666666666667,1
Norway_a,2004,46,1,0,4.142218927333333,1
Sweden_a,2004,46,1,0,3.724066666666667,1
Sweden_b,2004,46,1,0,1.6367749633333333,1
Belgium,2005,46,1,0,3.4481022337500002,1
France,2005,46,1,0,2.9823,1
Iceland_a,2005,46,1,0,0.9683333333333334,1
Norway_a,2005,46,1,0,4.580357899666667,1
Sweden_a,2005,46,1,0,3.4038391376666666,1
Sweden_b,2005,46,1,0,0.8311375120000001,1
France,2006,46,1,0,1.9420166666666667,1
Norway_a,2006,46,1,0,4.673071760666667,1
Sweden_b,2006,46,1,0,0.7660997903333333,1
Belgium,2003,29,0,1,3.758713224,1
Iceland_a,2003,29,0,1,1.6825,1
Sweden_a,2003,29,0,1,2.671825564666667,1
Belgium,2004,29,0,1,6.1466163263333335,1
France,2004,29,0,1,4.195166666666666,1
Iceland_a,2004,29,0,1,0.9175,1
Norway_a,2004,29,0,1,4.94402687,1
Sweden_a,2004,29,0,1,1.9165666666666668,1
Sweden_b,2004,29,0,1,3.4001790296666665,1
Belgium,2005,29,0,1,3.6933829315,1
France,2005,29,0,1,6.515124999999999,1
Iceland_a,2005,29,0,1,1.2974999999999999,1
Norway_a,2005,29,0,1,2.0275438676666666,1
Sweden_a,2005,29,0,1,1.1773547893333334,1
Sweden_b,2005,29,0,1,1.899929051,1
France,2006,29,0,1,4.982166666666666,1
Norway_a,2006,29,0,1,1.4887072596666666,1
Sweden_b,2006,29,0,1,1.1805946103333333,1
Belgium,2003,47,0,1,3.87274291425,1
Iceland_a,2003,47,0,1,0.9191666666666667,1
Sweden_a,2003,47,0,1,3.229394429,1
Belgium,2004,47,0,1,6.629803515,1
France,2004,47,0,1,3.7477,1
Iceland_a,2004,47,0,1,0.8058333333333333,1
Norway_a,2004,47,0,1,5.190214370666667,1
Sweden_a,2004,47,0,1,2.7135333333333334,1
Sweden_b,2004,47,0,1,3.7867520236666667,1
Belgium,2005,47,0,1,3.2750314177499997,1
France,2005,47,0,1,5.78655,1
Iceland_a,2005,47,0,1,0.77,1
Norway_a,2005,47,0,1,2.868429873666667,1
Sweden_a,2005,47,0,1,1.876314489,1
Sweden_b,2005,47,0,1,1.923154403,1
France,2006,47,0,1,4.834688889000001,1
Norway_a,2006,47,0,1,1.8811124113333333,1
Sweden_b,2006,47,0,1,1.2361,1
Belgium,2003,16,0.7999999999999999,0.2,4.08011914825,2.56
Iceland_a,2003,16,0.7999999999999999,0.2,3.5437499999999997,2.56
Sweden_a,2003,16,0.7999999999999999,0.2,2.9879461796666664,2.56
Belgium,2004,16,0.7999999999999999,0.2,7.112286362333333,2.56
France,2004,16,0.7999999999999999,0.2,3.2840333333333334,2.56
Iceland_a,2004,16,0.7999999999999999,0.2,1.8737499999999998,2.56
Norway_a,2004,16,0.7999999999999999,0.2,3.4669035916666666,2.56
Sweden_a,2004,16,0.7999999999999999,0.2,3.515433333333333,2.56
Sweden_b,2004,16,0.7999999999999999,0.2,2.768424522666667,2.56
Belgium,2005,16,0.7999999999999999,0.2,4.12961377925,2.56
France,2005,16,0.7999999999999999,0.2,5.056175,2.56
Iceland_a,2005,16,0.7999999999999999,0.2,1.65625,2.56
Norway_a,2005,16,0.7999999999999999,0.2,2.7399958773333335,2.56
Sweden_a,2005,16,0.7999999999999999,0.2,3.0074302713333334,2.56
Sweden_b,2005,16,0.7999999999999999,0.2,2.376906833,2.56
France,2006,16,0.7999999999999999,0.2,4.296688889,2.56
Norway_a,2006,16,0.7999999999999999,0.2,3.103347471333333,2.56
Sweden_b,2006,16,0.7999999999999999,0.2,1.7091253133333335,2.56
Belgium,2003,40,0.7999999999999999,0.2,4.07288780225,2.56
Iceland_a,2003,40,0.7999999999999999,0.2,1.6416666666666666,2.56
Sweden_a,2003,40,0.7999999999999999,0.2,3.9070428943333333,2.56
Belgium,2004,40,0.7999999999999999,0.2,6.581424267666667,2.56
France,2004,40,0.7999999999999999,0.2,2.1712272726666666,2.56
Iceland_a,2004,40,0.7999999999999999,0.2,1.2125,2.56
Norway_a,2004,40,0.7999999999999999,0.2,5.1995135050000005,2.56
Sweden_a,2004,40,0.7999999999999999,0.2,4.0878,2.56
Sweden_b,2004,40,0.7999999999999999,0.2,2.7505263269999998,2.56
Belgium,2005,40,0.7999999999999999,0.2,4.31388962325,2.56
France,2005,40,0.7999999999999999,0.2,3.397090909,2.56
Iceland_a,2005,40,0.7999999999999999,0.2,1.3508333333333333,2.56
Norway_a,2005,40,0.7999999999999999,0.2,5.001278693666666,2.56
Sweden_a,2005,40,0.7999999999999999,0.2,3.5250902186666666,2.56
Sweden_b,2005,40,0.7999999999999999,0.2,2.8101162923333334,2.56
France,2006,40,0.7999999999999999,0.2,2.499878788,2.56
Norway_a,2006,40,0.7999999999999999,0.2,4.502346147666667,2.56
Sweden_b,2006,40,0.7999999999999999,0.2,2.2276958376666665,2.56
Belgium,2003,21,0.8,0.2,4.03282822125,3.3
Iceland_a,2003,21,0.8,0.2,2.4375,3.3
Sweden_a,2003,21,0.8,0.2,3.0841965973333334,3.3
Belgium,2004,21,0.8,0.2,6.757705548,3.3
France,2004,21,0.8,0.2,3.7064,3.3
Iceland_a,2004,21,0.8,0.2,1.5,3.3
Norway_a,2004,21,0.8,0.2,4.001415989333333,3.3
Sweden_a,2004,21,0.8,0.2,3.4791333333333334,3.3
Sweden_b,2004,21,0.8,0.2,3.1860604513333333,3.3
Belgium,2005,21,0.8,0.2,4.76366955275,3.3
France,2005,21,0.8,0.2,5.674242857,3.3
Iceland_a,2005,21,0.8,0.2,1.7774999999999999,3.3
Norway_a,2005,21,0.8,0.2,3.029719914333333,3.3
Sweden_a,2005,21,0.8,0.2,3.0040388753333334,3.3
Sweden_b,2005,21,0.8,0.2,2.578253149,3.3
France,2006,21,0.8,0.2,4.901076190666667,3.3
Norway_a,2006,21,0.8,0.2,3.3091661573333333,3.3
Sweden_b,2006,21,0.8,0.2,1.8071777263333333,3.3
Belgium,2003,17,0.7999999999999999,0.2,3.49254357175,2.56
Iceland_a,2003,17,0.7999999999999999,0.2,2.9275,2.56
Sweden_a,2003,17,0.7999999999999999,0.2,3.136670531,2.56
Belgium,2004,17,0.7999999999999999,0.2,6.476369404,2.56
France,2004,17,0.7999999999999999,0.2,3.2973809523333335,2.56
Iceland_a,2004,17,0.7999999999999999,0.2,2.11125,2.56
Norway_a,2004,17,0.7999999999999999,0.2,4.143895357,2.56
Sweden_a,2004,17,0.7999999999999999,0.2,3.5799666666666665,2.56
Sweden_b,2004,17,0.7999999999999999,0.2,2.693964983,2.56
Belgium,2005,17,0.7999999999999999,0.2,4.61634065775,2.56
France,2005,17,0.7999999999999999,0.2,5.4394642855,2.56
Iceland_a,2005,17,0.7999999999999999,0.2,1.94375,2.56
Norway_a,2005,17,0.7999999999999999,0.2,2.959147959,2.56
Sweden_a,2005,17,0.7999999999999999,0.2,3.0590309226666665,2.56
Sweden_b,2005,17,0.7999999999999999,0.2,2.0641405400000004,2.56
France,2006,17,0.7999999999999999,0.2,4.35534127,2.56
Norway_a,2006,17,0.7999999999999999,0.2,3.2124916519999998,2.56
Sweden_b,2006,17,0.7999999999999999,0.2,1.4559281086666667,2.56
Belgium,2003,41,0.7999999999999999,0.2,3.407383428,2.56
Iceland_a,2003,41,0.7999999999999999,0.2,1.2341666666666666,2.56
Sweden_a,2003,41,0.7999999999999999,0.2,4.170544249333333,2.56
Belgium,2004,41,0.7999999999999999,0.2,6.5385693903333335,2.56
France,2004,41,0.7999999999999999,0.2,3.452325,2.56
Iceland_a,2004,41,0.7999999999999999,0.2,0.7091666666666667,2.56
Norway_a,2004,41,0.7999999999999999,0.2,5.228322814,2.56
Sweden_a,2004,41,0.7999999999999999,0.2,4.1932,2.56
Sweden_b,2004,41,0.7999999999999999,0.2,3.122600524666667,2.56
Belgium,2005,41,0.7999999999999999,0.2,4.8728239342499995,2.56
France,2005,41,0.7999999999999999,0.2,5.5727791665,2.56
Iceland_a,2005,41,0.7999999999999999,0.2,1.0766666666666667,2.56
Norway_a,2005,41,0.7999999999999999,0.2,4.683114715333334,2.56
Sweden_a,2005,41,0.7999999999999999,0.2,3.4223265313333333,2.56
Sweden_b,2005,41,0.7999999999999999,0.2,2.880820318,2.56
France,2006,41,0.7999999999999999,0.2,4.337642592666667,2.56
Norway_a,2006,41,0.7999999999999999,0.2,4.730058494666666,2.56
Sweden_b,2006,41,0.7999999999999999,0.2,2.3480929296666666,2.56
Belgium,2003,22,0.5,0.5,4.3635791075000006,3.3
Iceland_a,2003,22,0.5,0.5,2.18625,3.3
Sweden_a,2003,22,0.5,0.5,3.2612877323333334,3.3
Belgium,2004,22,0.5,0.5,7.281502706666666,3.3
France,2004,22,0.5,0.5,4.372875,3.3
Iceland_a,2004,22,0.5,0.5,1.4625,3.3
Norway_a,2004,22,0.5,0.5,5.098592655,3.3
Sweden_a,2004,22,0.5,0.5,3.164066666666667,3.3
Sweden_b,2004,22,0.5,0.5,3.681724288333333,3.3
Belgium,2005,22,0.5,0.5,4.5976297935,3.3
France,2005,22,0.5,0.5,6.617062499999999,3.3
Iceland_a,2005,22,0.5,0.5,1.67,3.3
Norway_a,2005,22,0.5,0.5,3.347476256333333,3.3
Sweden_a,2005,22,0.5,0.5,2.621956642,3.3
Sweden_b,2005,22,0.5,0.5,2.8497070856666666,3.3
France,2006,22,0.5,0.5,5.453333333333333,3.3
Norway_a,2006,22,0.5,0.5,3.2356330163333333,3.3
Sweden_b,2006,22,0.5,0.5,1.907240079,3.3
Belgium,2003,24,0.5,0.5,3.81758535525,3.3
Iceland_a,2003,24,0.5,0.5,3.0349999999999997,3.3
Sweden_a,2003,24,0.5,0.5,3.387700069666667,3.3
Belgium,2004,24,0.5,0.5,6.9210901106666665,3.3
France,2004,24,0.5,0.5,2.894111111,3.3
Iceland_a,2004,24,0.5,0.5,2.11625,3.3
Norway_a,2004,24,0.5,0.5,4.544847578333333,3.3
Sweden_a,2004,24,0.5,0.5,3.588566666666667,3.3
Sweden_b,2004,24,0.5,0.5,3.586696091,3.3
Belgium,2005,24,0.5,0.5,4.37942738475,3.3
France,2005,24,0.5,0.5,4.5472666665000006,3.3
Iceland_a,2005,24,0.5,0.5,1.915,3.3
Norway_a,2005,24,0.5,0.5,2.992109297333333,3.3
Sweden_a,2005,24,0.5,0.5,3.0506057589999998,3.3
Sweden_b,2005,24,0.5,0.5,3.1325618643333333,3.3
France,2006,24,0.5,0.5,3.821248148,3.3
Norway_a,2006,24,0.5,0.5,2.4264980556666664,3.3
Sweden_b,2006,24,0.5,0.5,1.9783724583333333,3.3
Belgium,2003,18,0.2,0.7999999999999999,3.94405744075,2.56
Iceland_a,2003,18,0.2,0.7999999999999999,2.0625,2.56
Sweden_a,2003,18,0.2,0.7999999999999999,3.386008974666667,2.56
Belgium,2004,18,0.2,0.7999999999999999,7.091098896333333,2.56
France,2004,18,0.2,0.7999999999999999,4.064945454666667,2.56
Iceland_a,2004,18,0.2,0.7999999999999999,1.63125,2.56
Norway_a,2004,18,0.2,0.7999999999999999,5.519437262333334,2.56
Sweden_a,2004,18,0.2,0.7999999999999999,3.0669,2.56
Sweden_b,2004,18,0.2,0.7999999999999999,4.045378388666666,2.56
Belgium,2005,18,0.2,0.7999999999999999,4.7408674594999995,2.56
France,2005,18,0.2,0.7999999999999999,6.332918182,2.56
Iceland_a,2005,18,0.2,0.7999999999999999,1.67625,2.56
Norway_a,2005,18,0.2,0.7999999999999999,2.791876156333333,2.56
Sweden_a,2005,18,0.2,0.7999999999999999,2.9465638686666664,2.56
Sweden_b,2005,18,0.2,0.7999999999999999,3.3939379173333335,2.56
France,2006,18,0.2,0.7999999999999999,5.175842424333333,2.56
Norway_a,2006,18,0.2,0.7999999999999999,2.9168050406666666,2.56
Sweden_b,2006,18,0.2,0.7999999999999999,2.1196698426666667,2.56
Belgium,2003,42,0.2,0.7999999999999999,3.8671165235,2.56
Iceland_a,2003,42,0.2,0.7999999999999999,1.645,2.56
Sweden_a,2003,42,0.2,0.7999999999999999,4.834552276666667,2.56
Belgium,2004,42,0.2,0.7999999999999999,6.982410716666667,2.56
France,2004,42,0.2,0.7999999999999999,3.288875,2.56
Iceland_a,2004,42,0.2,0.7999999999999999,1.05,2.56
Norway_a,2004,42,0.2,0.7999999999999999,5.531981242666667,2.56
Sweden_a,2004,42,0.2,0.7999999999999999,4.620966666666667,2.56
Sweden_b,2004,42,0.2,0.7999999999999999,4.084376726333333,2.56
Belgium,2005,42,0.2,0.7999999999999999,4.682938718,2.56
France,2005,42,0.2,0.7999999999999999,5.1545625,2.56
Iceland_a,2005,42,0.2,0.7999999999999999,1.1075,2.56
Norway_a,2005,42,0.2,0.7999999999999999,4.661543444666667,2.56
Sweden_a,2005,42,0.2,0.7999999999999999,3.796118005333333,2.56
Sweden_b,2005,42,0.2,0.7999999999999999,3.102316268,2.56
France,2006,42,0.2,0.7999999999999999,3.9456666666666664,2.56
Norway_a,2006,42,0.2,0.7999999999999999,4.595619614,2.56
Sweden_b,2006,42,0.2,0.7999999999999999,2.3978439006666665,2.56
Belgium,2003,20,0.5,0.5,4.26542381725,4
Iceland_a,2003,20,0.5,0.5,2.2312499999999997,4
Sweden_a,2003,20,0.5,0.5,3.6814434336666664,4
Belgium,2004,20,0.5,0.5,6.856544371,4
France,2004,20,0.5,0.5,2.8089555556666665,4
Iceland_a,2004,20,0.5,0.5,2.0275,4
Norway_a,2004,20,0.5,0.5,5.142394458333333,4
Sweden_a,2004,20,0.5,0.5,3.643933333333333,4
Sweden_b,2004,20,0.5,0.5,3.5758078416666668,4
Belgium,2005,20,0.5,0.5,4.74016673575,4
France,2005,20,0.5,0.5,4.5411833335,4
Iceland_a,2005,20,0.5,0.5,1.96375,4
Norway_a,2005,20,0.5,0.5,3.0148987676666668,4
Sweden_a,2005,20,0.5,0.5,3.115575631,4
Sweden_b,2005,20,0.5,0.5,2.7276812303333333,4
France,2006,20,0.5,0.5,3.2662140743333334,4
Norway_a,2006,20,0.5,0.5,3.3862025916666667,4
Sweden_b,2006,20,0.5,0.5,1.9273583626666668,4
Belgium,2003,44,0.5,0.5,4.00346146275,4
Iceland_a,2003,44,0.5,0.5,1.5308333333333333,4
Sweden_a,2003,44,0.5,0.5,4.299431263333333,4
Belgium,2004,44,0.5,0.5,6.704174241333333,4
France,2004,44,0.5,0.5,4.055267857,4
Iceland_a,2004,44,0.5,0.5,1.1058333333333334,4
Norway_a,2004,44,0.5,0.5,5.571316584,4
Sweden_a,2004,44,0.5,0.5,4.3955,4
Sweden_b,2004,44,0.5,0.5,3.499993951,4
Belgium,2005,44,0.5,0.5,4.5397688025,4
France,2005,44,0.5,0.5,6.3911517855,4
Iceland_a,2005,44,0.5,0.5,1.345,4
Norway_a,2005,44,0.5,0.5,4.746817783666667,4
Sweden_a,2005,44,0.5,0.5,3.8440323386666666,4
Sweden_b,2005,44,0.5,0.5,2.961310803,4
France,2006,44,0.5,0.5,5.357502976,4
Norway_a,2006,44,0.5,0.5,4.332936074333333,4
Sweden_b,2006,44,0.5,0.5,1.911296351,4
Belgium,2003,23,0.5,0.5,4.11381405575,3.3
Iceland_a,2003,23,0.5,0.5,2.5225,3.3
Sweden_a,2003,23,0.5,0.5,3.3702447613333333,3.3
Belgium,2004,23,0.5,0.5,6.878891551666666,3.3
France,2004,23,0.5,0.5,3.1797857143333332,3.3
Iceland_a,2004,23,0.5,0.5,1.74125,3.3
Norway_a,2004,23,0.5,0.5,4.180951978333333,3.3
Sweden_a,2004,23,0.5,0.5,3.5501666666666667,3.3
Sweden_b,2004,23,0.5,0.5,3.5766738306666666,3.3
Belgium,2005,23,0.5,0.5,4.955716961,3.3
France,2005,23,0.5,0.5,4.9646785715,3.3
Iceland_a,2005,23,0.5,0.5,1.785,3.3
Norway_a,2005,23,0.5,0.5,3.087759021,3.3
Sweden_a,2005,23,0.5,0.5,3.17728979,3.3
Sweden_b,2005,23,0.5,0.5,3.002189363666667,3.3
France,2006,23,0.5,0.5,3.981390476,3.3
Norway_a,2006,23,0.5,0.5,3.411817845,3.3
Sweden_b,2006,23,0.5,0.5,2.2502321416666664,3.3
Belgium,2003,25,0.5,0.5,3.39544504775,3.3
Iceland_a,2003,25,0.5,0.5,2.9087500000000004,3.3
Sweden_a,2003,25,0.5,0.5,3.5134480156666665,3.3
Belgium,2004,25,0.5,0.5,6.673189825333334,3.3
France,2004,25,0.5,0.5,2.894653846,3.3
Iceland_a,2004,25,0.5,0.5,2.0300000000000002,3.3
Norway_a,2004,25,0.5,0.5,4.090929578666667,3.3
Sweden_a,2004,25,0.5,0.5,3.8481666666666667,3.3
Sweden_b,2004,25,0.5,0.5,3.3018536673333334,3.3
Belgium,2005,25,0.5,0.5,4.55068212875,3.3
France,2005,25,0.5,0.5,4.8162692305,3.3
Iceland_a,2005,25,0.5,0.5,1.9,3.3
Norway_a,2005,25,0.5,0.5,3.0436168493333335,3.3
Sweden_a,2005,25,0.5,0.5,3.2975776483333332,3.3
Sweden_b,2005,25,0.5,0.5,2.9388074773333335,3.3
France,2006,25,0.5,0.5,3.6989384616666667,3.3
Norway_a,2006,25,0.5,0.5,3.346958373666667,3.3
Sweden_b,2006,25,0.5,0.5,1.9869364596666668,3.3
Belgium,2003,26,0.2,0.8,4.04705225525,3.3
Iceland_a,2003,26,0.2,0.8,2.31625,3.3
Sweden_a,2003,26,0.2,0.8,3.4431885523333334,3.3
Belgium,2004,26,0.2,0.8,6.871290423333334,3.3
France,2004,26,0.2,0.8,2.7357,3.3
Iceland_a,2004,26,0.2,0.8,1.66875,3.3
Norway_a,2004,26,0.2,0.8,4.720672165333333,3.3
Sweden_a,2004,26,0.2,0.8,3.8706666666666667,3.3
Sweden_b,2004,26,0.2,0.8,3.72585924,3.3
Belgium,2005,26,0.2,0.8,4.33986360625,3.3
France,2005,26,0.2,0.8,4.2123,3.3
Iceland_a,2005,26,0.2,0.8,1.5325,3.3
Norway_a,2005,26,0.2,0.8,2.680323844,3.3
Sweden_a,2005,26,0.2,0.8,3.2101667766666666,3.3
Sweden_b,2005,26,0.2,0.8,3.160187967666667,3.3
France,2006,26,0.2,0.8,3.4659666666666666,3.3
Norway_a,2006,26,0.2,0.8,2.4353950093333334,3.3
Sweden_b,2006,26,0.2,0.8,2.2395381926666666,3.3
Belgium,2003,19,0.2,0.7999999999999999,4.04204732175,2.56
Iceland_a,2003,19,0.2,0.7999999999999999,2.7037500000000003,2.56
Sweden_a,2003,19,0.2,0.7999999999999999,3.669841739,2.56
Belgium,2004,19,0.2,0.7999999999999999,6.517056492333333,2.56
France,2004,19,0.2,0.7999999999999999,2.8400000000000003,2.56
Iceland_a,2004,19,0.2,0.7999999999999999,1.89875,2.56
Norway_a,2004,19,0.2,0.7999999999999999,4.4612654423333336,2.56
Sweden_a,2004,19,0.2,0.7999999999999999,3.5517333333333334,2.56
Sweden_b,2004,19,0.2,0.7999999999999999,3.7097256363333333,2.56
Belgium,2005,19,0.2,0.7999999999999999,4.43396332725,2.56
France,2005,19,0.2,0.7999999999999999,4.642275,2.56
Iceland_a,2005,19,0.2,0.7999999999999999,1.63375,2.56
Norway_a,2005,19,0.2,0.7999999999999999,2.6918708856666664,2.56
Sweden_a,2005,19,0.2,0.7999999999999999,3.2382748476666667,2.56
Sweden_b,2005,19,0.2,0.7999999999999999,3.089661392,2.56
France,2006,19,0.2,0.7999999999999999,3.5404333333333335,2.56
Norway_a,2006,19,0.2,0.7999999999999999,3.177238151666667,2.56
Sweden_b,2006,19,0.2,0.7999999999999999,2.4023846530000004,2.56
Belgium,2003,43,0.2,0.7999999999999999,3.5671937744999997,2.56
Iceland_a,2003,43,0.2,0.7999999999999999,1.3199999999999998,2.56
Sweden_a,2003,43,0.2,0.7999999999999999,4.410700912666667,2.56
Belgium,2004,43,0.2,0.7999999999999999,6.800230733333334,2.56
France,2004,43,0.2,0.7999999999999999,4.1029,2.56
Iceland_a,2004,43,0.2,0.7999999999999999,0.8916666666666667,2.56
Norway_a,2004,43,0.2,0.7999999999999999,5.5599116356666665,2.56
Sweden_a,2004,43,0.2,0.7999999999999999,4.353766666666667,2.56
Sweden_b,2004,43,0.2,0.7999999999999999,3.741558947333333,2.56
Belgium,2005,43,0.2,0.7999999999999999,4.39301154775,2.56
France,2005,43,0.2,0.7999999999999999,6.6115583335,2.56
Iceland_a,2005,43,0.2,0.7999999999999999,1.2008333333333334,2.56
Norway_a,2005,43,0.2,0.7999999999999999,5.0144972,2.56
Sweden_a,2005,43,0.2,0.7999999999999999,3.939181324333333,2.56
Sweden_b,2005,43,0.2,0.7999999999999999,3.445165967,2.56
France,2006,43,0.2,0.7999999999999999,4.984755555666666,2.56
Norway_a,2006,43,0.2,0.7999999999999999,4.419406131000001,2.56
Sweden_b,2006,43,0.2,0.7999999999999999,2.4804947556666663,2.56
Belgium,2003,30,0,1,2.62410056575,1
Iceland_a,2003,30,0,1,1.33875,1
Sweden_a,2003,30,0,1,2.448456536666667,1
Belgium,2004,30,0,1,2.792286318,1
France,2004,30,0,1,3.0688999999999997,1
Iceland_a,2004,30,0,1,1.69,1
Norway_a,2004,30,0,1,2.8637954553333334,1
Sweden_a,2004,30,0,1,2.4199,1
Sweden_b,2004,30,0,1,2.763808223333333,1
Belgium,2005,30,0,1,2.24520990175,1
France,2005,30,0,1,4.7271,1
Iceland_a,2005,30,0,1,1.65875,1
Norway_a,2005,30,0,1,1.9371567366666667,1
Sweden_a,2005,30,0,1,2.2624662786666665,1
Sweden_b,2005,30,0,1,2.056989136,1
France,2006,30,0,1,4.003822222,1
Norway_a,2006,30,0,1,1.742646607,1
Sweden_b,2006,30,0,1,1.2168517936666667,1
Belgium,2003,48,0,1,2.34217871175,1
Iceland_a,2003,48,0,1,1.165,1
Sweden_a,2003,48,0,1,2.420331484,1
Belgium,2004,48,0,1,3.015192665333333,1
France,2004,48,0,1,3.3765,1
Iceland_a,2004,48,0,1,0.965,1
Norway_a,2004,48,0,1,3.2353813613333333,1
Sweden_a,2004,48,0,1,2.5456333333333334,1
Sweden_b,2004,48,0,1,2.515775172666667,1
Belgium,2005,48,0,1,2.6613099730000003,1
France,2005,48,0,1,5.250375,1
Iceland_a,2005,48,0,1,1.2233333333333334,1
Norway_a,2005,48,0,1,2.291117460333333,1
Sweden_a,2005,48,0,1,2.2343701846666666,1
Sweden_b,2005,48,0,1,2.2215557016666665,1
France,2006,48,0,1,4.407111111333333,1
Norway_a,2006,48,0,1,2.1114481383333334,1
Sweden_b,2006,48,0,1,1.4797333333333333,1
